ride_id,route_id,vehicle_type,boarding_stop,alighting_stop,passenger_count,fare,timestamp
1,47,Tram,Stop_7,Stop_19,76,26.15,2025-02-20 06:41:00
2,53,Bus,Stop_28,Stop_15,30,27.61,2025-02-13 17:00:00
3,74,Tram,Stop_9,Stop_9,23,14.03,2025-02-21 11:31:00
4,46,Bus,Stop_28,Stop_10,16,19.18,2025-02-25 16:05:00
5,13,Metro,Stop_6,Stop_44,14,40.61,2025-02-19 10:12:00
6,37,Bus,Stop_29,Stop_31,74,46.21,2025-02-05 11:44:00
7,24,Bus,Stop_17,Stop_23,71,21.19,2025-02-12 12:02:00
8,2,Bus,Stop_16,Stop_30,52,18.81,2025-03-02 01:36:00
9,86,Metro,Stop_23,Stop_33,37,13.78,2025-03-06 06:12:00
10,81,Bus,Stop_31,Stop_9,29,35.53,2025-03-05 15:48:00
11,14,Metro,Stop_3,Stop_47,67,19.54,2025-03-02 12:31:00
12,10,Tram,Stop_21,Stop_1,15,49.45,2025-02-07 00:43:00
13,35,Bus,Stop_26,Stop_44,47,19.66,2025-02-23 15:54:00
14,25,Metro,Stop_36,Stop_35,46,22.74,2025-02-01 01:00:00
15,3,Metro,Stop_42,Stop_11,52,32.15,2025-02-07 10:29:00
16,17,Bus,Stop_37,Stop_34,19,41.08,2025-02-17 00:25:00
17,12,Tram,Stop_22,Stop_16,77,26.13,2025-02-03 00:15:00
18,54,Metro,Stop_42,Stop_9,21,24.02,2025-02-11 15:23:00
19,24,Bus,Stop_12,Stop_32,64,49.8,2025-02-09 13:52:00
20,29,Tram,Stop_42,Stop_15,37,5.47,2025-03-04 00:03:00
21,43,Metro,Stop_13,Stop_12,27,45.28,2025-03-07 12:57:00
22,25,Metro,Stop_11,Stop_33,55,11.71,2025-02-27 19:11:00
23,60,Tram,Stop_16,Stop_45,29,40.37,2025-02-22 10:50:00
24,90,Tram,Stop_8,Stop_14,20,32.81,2025-02-23 05:36:00
25,65,Bus,Stop_40,Stop_8,25,20.38,2025-02-09 07:22:00
26,84,Bus,Stop_40,Stop_8,70,44.32,2025-02-24 03:02:00
27,28,Metro,Stop_45,Stop_27,63,5.58,2025-02-14 18:46:00
28,16,Tram,Stop_2,Stop_12,36,15.2,2025-02-03 18:51:00
29,47,Tram,Stop_30,Stop_1,2,30.51,2025-02-14 17:42:00
30,81,Tram,Stop_30,Stop_43,22,20.82,2025-02-02 11:55:00
31,92,Metro,Stop_12,Stop_40,96,32.47,2025-02-28 14:05:00
32,58,Tram,Stop_10,Stop_42,16,6.08,2025-02-07 09:16:00
33,76,Tram,Stop_44,Stop_11,18,10.24,2025-03-03 04:19:00
34,27,Metro,Stop_11,Stop_39,69,10.72,2025-02-16 01:49:00
35,53,Bus,Stop_15,Stop_43,54,13.52,2025-02-10 06:07:00
36,42,Bus,Stop_16,Stop_31,30,25.67,2025-02-25 15:14:00
37,59,Metro,Stop_17,Stop_17,45,38.85,2025-02-23 18:09:00
38,47,Tram,Stop_26,Stop_33,19,45.75,2025-03-02 03:53:00
39,94,Metro,Stop_2,Stop_32,87,42.59,2025-02-18 03:40:00
40,34,Bus,Stop_50,Stop_29,34,13.86,2025-02-11 07:00:00
41,37,Bus,Stop_12,Stop_21,13,24.85,2025-02-08 13:31:00
42,6,Metro,Stop_26,Stop_21,43,13.97,2025-02-25 01:09:00
43,7,Metro,Stop_23,Stop_40,62,16.9,2025-02-04 15:49:00
44,96,Bus,Stop_18,Stop_23,93,27.66,2025-03-03 11:20:00
45,96,Metro,Stop_32,Stop_6,22,8.06,2025-03-06 15:47:00
46,25,Bus,Stop_49,Stop_22,52,14.82,2025-02-06 18:40:00
47,33,Metro,Stop_38,Stop_50,52,47.09,2025-03-07 10:29:00
48,55,Metro,Stop_47,Stop_38,36,25.98,2025-02-08 11:00:00
49,58,Metro,Stop_3,Stop_37,73,25.04,2025-02-25 22:17:00
50,7,Bus,Stop_38,Stop_45,19,5.66,2025-02-22 11:30:00
51,57,Metro,Stop_3,Stop_8,38,16.13,2025-02-13 00:05:00
52,12,Bus,Stop_30,Stop_41,70,43.98,2025-02-10 23:40:00
53,16,Bus,Stop_1,Stop_49,79,12.41,2025-02-08 21:20:00
54,80,Metro,Stop_30,Stop_35,57,23.68,2025-02-04 17:58:00
55,43,Metro,Stop_45,Stop_11,20,5.64,2025-02-04 20:09:00
56,77,Bus,Stop_32,Stop_24,9,26.53,2025-02-21 04:22:00
57,7,Bus,Stop_28,Stop_49,32,5.95,2025-02-26 11:26:00
58,51,Tram,Stop_21,Stop_21,4,41.88,2025-02-13 02:51:00
59,73,Bus,Stop_46,Stop_2,50,42.12,2025-03-07 03:38:00
60,32,Tram,Stop_13,Stop_40,82,40.45,2025-02-05 19:37:00
61,75,Tram,Stop_27,Stop_19,5,17.75,2025-02-28 16:46:00
62,8,Tram,Stop_36,Stop_39,20,42.68,2025-03-07 12:19:00
63,97,Metro,Stop_7,Stop_28,87,29.43,2025-02-08 13:00:00
64,87,Metro,Stop_22,Stop_17,75,21.82,2025-02-18 11:02:00
65,89,Bus,Stop_10,Stop_6,37,33.14,2025-02-18 13:19:00
66,72,Tram,Stop_39,Stop_19,22,5.56,2025-02-27 11:06:00
67,45,Metro,Stop_15,Stop_38,58,11.43,2025-03-04 10:00:00
68,86,Metro,Stop_15,Stop_28,68,38.4,2025-02-25 22:28:00
69,59,Metro,Stop_4,Stop_2,93,15.99,2025-03-01 07:24:00
70,4,Metro,Stop_32,Stop_38,44,31.91,2025-03-06 12:17:00
71,67,Metro,Stop_23,Stop_37,34,22.33,2025-02-10 20:41:00
72,29,Tram,Stop_6,Stop_4,77,43.47,2025-03-01 03:44:00
73,29,Tram,Stop_24,Stop_22,42,47.86,2025-02-27 04:31:00
74,98,Tram,Stop_20,Stop_26,9,44.76,2025-03-04 16:54:00
75,98,Tram,Stop_37,Stop_49,95,17.18,2025-02-07 05:57:00
76,28,Bus,Stop_20,Stop_43,7,13.74,2025-03-01 04:06:00
77,77,Tram,Stop_12,Stop_36,68,26.35,2025-02-15 00:15:00
78,79,Metro,Stop_33,Stop_13,19,5.33,2025-03-01 09:00:00
79,87,Tram,Stop_28,Stop_32,94,6.16,2025-02-03 05:45:00
80,44,Bus,Stop_8,Stop_17,31,29.9,2025-03-03 22:58:00
81,90,Metro,Stop_1,Stop_41,35,28.42,2025-03-06 02:42:00
82,4,Tram,Stop_37,Stop_36,57,49.76,2025-02-25 11:08:00
83,90,Tram,Stop_22,Stop_46,85,14.08,2025-03-01 19:45:00
84,9,Tram,Stop_6,Stop_19,61,16.61,2025-03-05 10:08:00
85,5,Metro,Stop_21,Stop_35,31,10.11,2025-02-17 01:10:00
86,56,Metro,Stop_32,Stop_46,83,46.29,2025-02-08 11:14:00
87,96,Bus,Stop_35,Stop_40,95,40.0,2025-02-19 12:15:00
88,84,Metro,Stop_15,Stop_28,53,42.01,2025-03-03 06:41:00
89,50,Metro,Stop_5,Stop_1,32,45.62,2025-02-03 03:54:00
90,75,Tram,Stop_46,Stop_42,66,28.62,2025-02-19 09:42:00
91,15,Metro,Stop_50,Stop_18,59,25.3,2025-03-07 13:28:00
92,32,Tram,Stop_48,Stop_48,10,19.87,2025-03-06 10:08:00
93,28,Tram,Stop_6,Stop_40,2,31.51,2025-02-14 21:48:00
94,22,Metro,Stop_25,Stop_33,66,25.44,2025-02-13 05:07:00
95,17,Bus,Stop_46,Stop_12,60,25.32,2025-03-02 15:59:00
96,59,Bus,Stop_40,Stop_8,88,47.16,2025-02-25 12:53:00
97,90,Metro,Stop_29,Stop_24,17,49.28,2025-02-03 04:54:00
98,71,Bus,Stop_7,Stop_16,96,40.84,2025-02-25 13:58:00
99,57,Tram,Stop_40,Stop_50,16,39.05,2025-02-25 22:49:00
100,26,Tram,Stop_13,Stop_4,16,35.63,2025-02-04 00:01:00
101,25,Metro,Stop_38,Stop_38,46,12.47,2025-02-22 03:15:00
102,10,Bus,Stop_18,Stop_44,39,7.66,2025-03-04 22:12:00
103,45,Bus,Stop_2,Stop_27,31,36.08,2025-02-05 22:19:00
104,83,Tram,Stop_8,Stop_9,88,37.8,2025-02-17 12:00:00
105,11,Metro,Stop_11,Stop_47,1,7.11,2025-02-08 21:20:00
106,77,Bus,Stop_33,Stop_16,11,46.76,2025-02-08 03:53:00
107,53,Metro,Stop_38,Stop_12,85,9.1,2025-03-05 03:10:00
108,72,Bus,Stop_48,Stop_31,4,17.87,2025-02-15 05:02:00
109,68,Tram,Stop_27,Stop_24,71,35.26,2025-02-05 00:41:00
110,95,Tram,Stop_20,Stop_14,26,12.64,2025-02-10 19:30:00
111,28,Metro,Stop_12,Stop_45,50,7.49,2025-02-10 21:51:00
112,75,Tram,Stop_43,Stop_25,12,19.9,2025-02-12 03:55:00
113,65,Bus,Stop_31,Stop_34,95,39.47,2025-02-26 15:19:00
114,49,Tram,Stop_27,Stop_3,81,23.62,2025-03-01 22:39:00
115,47,Metro,Stop_32,Stop_24,97,34.38,2025-02-14 04:24:00
116,52,Metro,Stop_10,Stop_42,75,31.08,2025-02-16 15:59:00
117,88,Metro,Stop_3,Stop_9,92,6.0,2025-02-09 22:21:00
118,54,Bus,Stop_45,Stop_26,96,49.48,2025-02-24 05:14:00
119,60,Bus,Stop_27,Stop_20,65,6.86,2025-02-12 13:47:00
120,57,Bus,Stop_35,Stop_40,47,48.55,2025-02-05 01:20:00
121,47,Bus,Stop_31,Stop_10,92,29.74,2025-02-03 11:25:00
122,31,Bus,Stop_15,Stop_19,53,48.34,2025-03-02 23:54:00
123,46,Tram,Stop_16,Stop_3,71,10.16,2025-02-15 13:37:00
124,26,Bus,Stop_13,Stop_24,2,27.07,2025-02-15 15:58:00
125,5,Bus,Stop_49,Stop_5,24,12.63,2025-02-16 17:21:00
126,84,Tram,Stop_35,Stop_3,4,7.29,2025-02-06 02:46:00
127,52,Bus,Stop_11,Stop_27,19,32.79,2025-02-19 11:56:00
128,75,Metro,Stop_21,Stop_16,26,14.35,2025-02-11 20:30:00
129,54,Bus,Stop_11,Stop_49,75,31.45,2025-02-14 22:16:00
130,33,Bus,Stop_30,Stop_15,40,10.06,2025-02-06 03:02:00
131,50,Metro,Stop_48,Stop_35,50,19.94,2025-02-12 05:09:00
132,38,Metro,Stop_35,Stop_12,43,40.17,2025-03-06 18:39:00
133,27,Metro,Stop_22,Stop_41,75,24.67,2025-03-04 23:21:00
134,98,Metro,Stop_38,Stop_44,67,33.25,2025-02-01 16:32:00
135,15,Bus,Stop_31,Stop_26,12,34.14,2025-02-05 18:18:00
136,96,Metro,Stop_14,Stop_47,67,42.97,2025-02-02 11:21:00
137,61,Metro,Stop_24,Stop_34,27,19.62,2025-02-19 20:40:00
138,21,Tram,Stop_50,Stop_23,54,35.93,2025-03-04 08:36:00
139,46,Metro,Stop_49,Stop_31,66,48.27,2025-02-15 12:26:00
140,69,Metro,Stop_32,Stop_50,49,37.86,2025-02-14 14:12:00
141,6,Tram,Stop_36,Stop_20,16,27.04,2025-02-03 20:56:00
142,38,Tram,Stop_32,Stop_12,2,33.38,2025-02-12 14:47:00
143,62,Bus,Stop_15,Stop_23,60,38.29,2025-02-23 08:07:00
144,86,Tram,Stop_43,Stop_4,54,32.55,2025-03-04 13:01:00
145,62,Bus,Stop_35,Stop_23,30,5.75,2025-02-11 17:59:00
146,82,Tram,Stop_3,Stop_48,84,13.76,2025-02-22 18:56:00
147,78,Tram,Stop_16,Stop_48,38,41.47,2025-02-04 08:23:00
148,74,Bus,Stop_5,Stop_1,28,17.27,2025-02-04 10:00:00
149,46,Tram,Stop_21,Stop_25,25,37.92,2025-02-14 14:25:00
150,13,Bus,Stop_10,Stop_2,96,21.75,2025-02-27 13:19:00
151,95,Tram,Stop_19,Stop_30,10,28.48,2025-02-12 23:52:00
152,94,Metro,Stop_25,Stop_3,60,8.06,2025-02-19 11:39:00
153,3,Tram,Stop_4,Stop_21,42,13.16,2025-02-07 14:53:00
154,94,Bus,Stop_29,Stop_25,40,48.07,2025-02-28 16:55:00
155,6,Tram,Stop_19,Stop_20,97,45.06,2025-02-03 14:00:00
156,93,Bus,Stop_43,Stop_49,77,34.35,2025-02-14 09:07:00
157,8,Bus,Stop_2,Stop_22,42,25.68,2025-02-11 21:36:00
158,44,Metro,Stop_10,Stop_21,47,35.41,2025-02-21 19:28:00
159,33,Metro,Stop_43,Stop_33,37,32.84,2025-02-17 05:05:00
160,81,Bus,Stop_25,Stop_38,80,30.58,2025-02-18 20:13:00
161,75,Tram,Stop_20,Stop_15,22,7.66,2025-02-14 11:05:00
162,77,Bus,Stop_48,Stop_46,57,33.48,2025-02-13 14:02:00
163,50,Bus,Stop_19,Stop_15,84,39.6,2025-02-01 22:44:00
164,11,Tram,Stop_23,Stop_46,27,49.73,2025-02-02 21:08:00
165,95,Tram,Stop_24,Stop_25,41,5.5,2025-02-10 00:22:00
166,28,Tram,Stop_11,Stop_21,80,37.86,2025-02-13 00:28:00
167,70,Tram,Stop_46,Stop_24,34,30.73,2025-02-23 20:39:00
168,41,Bus,Stop_34,Stop_5,32,24.53,2025-02-18 11:21:00
169,16,Bus,Stop_28,Stop_6,90,10.74,2025-02-25 08:49:00
170,68,Metro,Stop_5,Stop_49,89,23.41,2025-02-10 15:05:00
171,99,Bus,Stop_5,Stop_43,66,20.95,2025-02-01 08:15:00
172,48,Tram,Stop_21,Stop_48,12,18.63,2025-03-04 01:55:00
173,56,Metro,Stop_12,Stop_44,40,37.89,2025-02-02 11:48:00
174,64,Tram,Stop_50,Stop_47,73,36.53,2025-02-24 03:24:00
175,59,Bus,Stop_4,Stop_23,76,31.51,2025-02-10 07:13:00
176,90,Metro,Stop_49,Stop_4,90,47.24,2025-02-02 01:52:00
177,62,Tram,Stop_42,Stop_27,73,20.74,2025-02-25 21:33:00
178,76,Metro,Stop_20,Stop_18,10,15.97,2025-02-23 20:44:00
179,11,Metro,Stop_38,Stop_21,96,34.52,2025-02-07 04:46:00
180,89,Bus,Stop_25,Stop_28,98,13.95,2025-02-22 10:11:00
181,18,Tram,Stop_14,Stop_35,48,19.18,2025-02-17 14:09:00
182,19,Metro,Stop_11,Stop_22,20,15.11,2025-02-28 17:30:00
183,87,Metro,Stop_32,Stop_40,39,8.11,2025-02-06 14:15:00
184,55,Tram,Stop_11,Stop_23,60,42.24,2025-02-04 05:34:00
185,82,Metro,Stop_18,Stop_3,66,16.45,2025-02-16 17:14:00
186,26,Metro,Stop_27,Stop_40,65,26.29,2025-02-23 11:23:00
187,6,Metro,Stop_18,Stop_50,51,6.95,2025-02-08 23:08:00
188,4,Tram,Stop_23,Stop_10,36,36.47,2025-02-23 20:42:00
189,29,Tram,Stop_11,Stop_25,24,19.88,2025-03-01 06:38:00
190,59,Tram,Stop_21,Stop_49,27,38.51,2025-03-06 09:31:00
191,98,Tram,Stop_44,Stop_8,2,23.56,2025-02-13 01:40:00
192,17,Bus,Stop_5,Stop_11,31,13.81,2025-02-19 15:50:00
193,43,Metro,Stop_23,Stop_5,57,28.09,2025-02-26 23:14:00
194,80,Tram,Stop_41,Stop_45,78,10.87,2025-02-10 21:39:00
195,66,Metro,Stop_25,Stop_37,66,24.82,2025-02-11 07:53:00
196,34,Metro,Stop_41,Stop_45,29,19.28,2025-02-10 00:56:00
197,8,Bus,Stop_10,Stop_38,15,46.04,2025-03-02 06:17:00
198,13,Tram,Stop_22,Stop_29,12,7.74,2025-02-01 02:33:00
199,8,Tram,Stop_19,Stop_5,28,36.23,2025-02-06 10:53:00
200,94,Metro,Stop_1,Stop_9,84,13.22,2025-02-09 14:19:00
201,96,Tram,Stop_7,Stop_48,24,19.36,2025-02-11 23:12:00
202,94,Metro,Stop_4,Stop_2,21,23.7,2025-02-27 15:27:00
203,65,Metro,Stop_1,Stop_1,10,45.86,2025-02-13 13:40:00
204,43,Bus,Stop_15,Stop_40,78,15.92,2025-03-06 00:33:00
205,39,Bus,Stop_40,Stop_30,18,9.11,2025-02-08 16:09:00
206,81,Bus,Stop_12,Stop_11,88,19.34,2025-02-01 13:06:00
207,59,Metro,Stop_22,Stop_28,14,9.71,2025-02-04 00:48:00
208,84,Tram,Stop_22,Stop_44,34,10.79,2025-02-22 07:39:00
209,88,Bus,Stop_50,Stop_12,58,30.82,2025-03-06 02:51:00
210,86,Tram,Stop_47,Stop_39,76,7.74,2025-02-26 17:20:00
211,93,Bus,Stop_17,Stop_26,22,6.39,2025-02-20 01:34:00
212,86,Bus,Stop_29,Stop_13,70,37.15,2025-02-27 22:02:00
213,44,Metro,Stop_46,Stop_8,36,21.27,2025-02-17 09:20:00
214,9,Bus,Stop_14,Stop_28,45,10.64,2025-02-21 07:18:00
215,37,Bus,Stop_50,Stop_30,36,16.41,2025-02-18 12:41:00
216,74,Metro,Stop_20,Stop_9,22,33.89,2025-02-14 18:10:00
217,36,Tram,Stop_50,Stop_39,78,17.4,2025-02-15 00:07:00
218,92,Bus,Stop_48,Stop_31,80,27.25,2025-02-16 03:31:00
219,28,Metro,Stop_33,Stop_21,61,10.48,2025-02-28 14:59:00
220,42,Bus,Stop_43,Stop_47,56,31.46,2025-02-14 22:45:00
221,43,Metro,Stop_15,Stop_34,89,19.22,2025-03-05 12:54:00
222,85,Tram,Stop_12,Stop_31,96,33.21,2025-02-07 10:21:00
223,88,Tram,Stop_40,Stop_25,33,41.38,2025-02-14 00:13:00
224,42,Metro,Stop_20,Stop_12,45,32.52,2025-02-28 14:59:00
225,66,Metro,Stop_30,Stop_1,36,18.31,2025-02-21 04:39:00
226,55,Metro,Stop_38,Stop_22,20,16.51,2025-02-24 14:20:00
227,72,Tram,Stop_3,Stop_40,18,19.73,2025-02-10 19:41:00
228,48,Bus,Stop_28,Stop_37,38,12.41,2025-02-07 11:44:00
229,91,Tram,Stop_26,Stop_47,67,13.15,2025-02-28 09:52:00
230,22,Metro,Stop_30,Stop_1,23,40.58,2025-02-12 00:56:00
231,27,Metro,Stop_13,Stop_1,96,22.31,2025-02-17 12:57:00
232,93,Tram,Stop_13,Stop_42,16,24.62,2025-02-21 16:53:00
233,67,Metro,Stop_2,Stop_42,59,31.73,2025-02-14 02:55:00
234,13,Tram,Stop_37,Stop_21,69,31.53,2025-02-01 02:23:00
235,45,Metro,Stop_49,Stop_15,68,8.03,2025-02-08 10:01:00
236,10,Bus,Stop_38,Stop_17,21,42.42,2025-02-06 02:47:00
237,9,Bus,Stop_2,Stop_22,78,12.98,2025-02-03 05:48:00
238,54,Metro,Stop_36,Stop_38,95,37.54,2025-02-04 04:22:00
239,27,Tram,Stop_26,Stop_35,78,39.77,2025-02-10 03:07:00
240,34,Bus,Stop_11,Stop_45,70,37.17,2025-02-08 21:57:00
241,1,Tram,Stop_8,Stop_16,12,31.05,2025-02-27 22:39:00
242,32,Metro,Stop_44,Stop_8,16,5.66,2025-02-26 16:51:00
243,89,Tram,Stop_40,Stop_47,81,21.22,2025-02-10 11:27:00
244,93,Bus,Stop_43,Stop_17,87,32.22,2025-02-20 05:58:00
245,71,Tram,Stop_22,Stop_17,14,22.44,2025-03-03 17:44:00
246,67,Tram,Stop_20,Stop_26,61,43.86,2025-03-02 09:17:00
247,84,Metro,Stop_8,Stop_13,71,18.9,2025-03-06 06:34:00
248,20,Metro,Stop_29,Stop_17,46,18.21,2025-02-14 06:17:00
249,94,Metro,Stop_40,Stop_38,32,16.97,2025-02-26 15:53:00
250,35,Bus,Stop_26,Stop_17,15,19.98,2025-03-04 10:14:00
251,99,Bus,Stop_30,Stop_48,44,30.08,2025-02-28 20:16:00
252,91,Metro,Stop_17,Stop_14,17,36.82,2025-03-07 08:12:00
253,90,Metro,Stop_20,Stop_45,41,34.82,2025-02-12 21:07:00
254,78,Bus,Stop_16,Stop_6,54,41.35,2025-02-03 02:10:00
255,17,Bus,Stop_46,Stop_35,44,44.87,2025-02-04 20:35:00
256,18,Bus,Stop_43,Stop_46,98,41.72,2025-02-01 01:07:00
257,45,Bus,Stop_7,Stop_14,5,5.85,2025-02-20 17:32:00
258,93,Metro,Stop_16,Stop_47,27,38.12,2025-03-04 05:13:00
259,84,Bus,Stop_45,Stop_8,87,14.38,2025-02-24 19:45:00
260,53,Metro,Stop_47,Stop_15,78,10.98,2025-03-07 09:49:00
261,91,Tram,Stop_48,Stop_27,79,33.73,2025-02-09 00:29:00
262,82,Tram,Stop_27,Stop_13,43,19.39,2025-02-04 22:40:00
263,68,Bus,Stop_23,Stop_49,97,7.57,2025-02-18 20:59:00
264,65,Tram,Stop_24,Stop_31,31,11.19,2025-02-15 17:29:00
265,1,Tram,Stop_9,Stop_35,99,5.04,2025-03-01 19:55:00
266,58,Tram,Stop_35,Stop_6,17,45.65,2025-02-16 13:52:00
267,26,Bus,Stop_20,Stop_5,92,6.11,2025-02-11 11:56:00
268,20,Bus,Stop_37,Stop_22,83,14.43,2025-02-14 22:05:00
269,87,Tram,Stop_42,Stop_49,54,23.73,2025-02-19 06:47:00
270,10,Metro,Stop_17,Stop_23,62,21.05,2025-02-25 19:09:00
271,59,Tram,Stop_47,Stop_25,87,46.03,2025-03-03 06:57:00
272,75,Bus,Stop_31,Stop_34,32,6.81,2025-02-19 16:25:00
273,41,Bus,Stop_8,Stop_26,40,28.05,2025-02-05 21:47:00
274,5,Bus,Stop_15,Stop_47,13,35.62,2025-02-23 14:39:00
275,65,Tram,Stop_31,Stop_5,84,46.93,2025-03-02 19:19:00
276,17,Metro,Stop_30,Stop_26,35,32.92,2025-02-13 11:45:00
277,22,Bus,Stop_46,Stop_20,5,41.17,2025-02-20 00:09:00
278,98,Bus,Stop_20,Stop_6,73,8.77,2025-02-13 09:44:00
279,41,Tram,Stop_39,Stop_6,29,22.37,2025-02-16 16:54:00
280,93,Metro,Stop_12,Stop_50,70,21.83,2025-03-06 06:14:00
281,68,Tram,Stop_49,Stop_18,25,44.88,2025-02-11 20:13:00
282,69,Bus,Stop_17,Stop_4,95,11.81,2025-02-05 11:27:00
283,11,Metro,Stop_42,Stop_17,22,11.83,2025-02-04 19:39:00
284,56,Metro,Stop_30,Stop_14,66,19.79,2025-02-28 02:41:00
285,51,Bus,Stop_29,Stop_14,45,7.45,2025-02-22 17:55:00
286,21,Metro,Stop_19,Stop_13,69,13.21,2025-02-01 21:39:00
287,99,Metro,Stop_46,Stop_7,91,48.43,2025-02-28 09:49:00
288,76,Tram,Stop_11,Stop_44,89,24.27,2025-02-04 11:14:00
289,26,Bus,Stop_34,Stop_15,72,33.44,2025-02-21 17:58:00
290,19,Bus,Stop_50,Stop_19,1,37.68,2025-02-11 20:27:00
291,60,Bus,Stop_7,Stop_43,84,21.51,2025-02-06 04:49:00
292,71,Bus,Stop_44,Stop_47,44,11.63,2025-02-19 03:11:00
293,47,Bus,Stop_34,Stop_44,87,14.3,2025-02-23 11:15:00
294,71,Metro,Stop_20,Stop_35,96,19.1,2025-02-06 17:49:00
295,26,Tram,Stop_50,Stop_17,75,33.62,2025-02-02 23:11:00
296,40,Bus,Stop_38,Stop_35,39,22.92,2025-03-03 19:30:00
297,5,Tram,Stop_24,Stop_19,54,5.31,2025-02-09 04:59:00
298,21,Tram,Stop_10,Stop_20,88,28.55,2025-02-18 05:33:00
299,78,Metro,Stop_32,Stop_36,75,46.47,2025-02-16 00:37:00
300,4,Bus,Stop_15,Stop_35,29,41.54,2025-02-02 09:16:00
301,23,Metro,Stop_37,Stop_32,54,42.13,2025-03-03 19:47:00
302,84,Bus,Stop_20,Stop_48,90,40.78,2025-03-07 07:49:00
303,15,Metro,Stop_3,Stop_44,16,19.57,2025-02-03 03:29:00
304,93,Tram,Stop_37,Stop_40,99,39.43,2025-02-24 02:51:00
305,8,Bus,Stop_40,Stop_24,20,11.44,2025-02-15 08:19:00
306,41,Tram,Stop_8,Stop_17,46,34.6,2025-03-04 08:58:00
307,19,Tram,Stop_40,Stop_7,67,33.87,2025-02-22 03:09:00
308,46,Metro,Stop_44,Stop_43,65,6.15,2025-02-11 22:12:00
309,28,Bus,Stop_23,Stop_50,58,40.46,2025-02-14 13:06:00
310,91,Tram,Stop_40,Stop_1,53,45.65,2025-03-01 10:15:00
311,68,Metro,Stop_11,Stop_35,1,17.03,2025-02-04 14:30:00
312,15,Bus,Stop_46,Stop_32,81,41.56,2025-02-04 04:15:00
313,99,Bus,Stop_8,Stop_36,66,8.71,2025-03-01 02:55:00
314,37,Tram,Stop_29,Stop_13,29,32.0,2025-03-06 10:26:00
315,1,Bus,Stop_30,Stop_6,84,26.85,2025-02-25 00:05:00
316,67,Tram,Stop_10,Stop_14,70,29.57,2025-02-25 05:39:00
317,24,Bus,Stop_39,Stop_37,8,46.68,2025-02-17 11:06:00
318,27,Metro,Stop_28,Stop_48,29,44.21,2025-03-06 02:28:00
319,40,Tram,Stop_49,Stop_15,51,40.33,2025-02-16 21:24:00
320,63,Tram,Stop_36,Stop_47,33,17.32,2025-02-12 22:39:00
321,61,Bus,Stop_13,Stop_4,3,46.03,2025-03-03 15:00:00
322,36,Bus,Stop_32,Stop_40,60,9.39,2025-02-28 09:14:00
323,98,Tram,Stop_36,Stop_16,35,43.4,2025-03-07 05:34:00
324,93,Bus,Stop_37,Stop_28,69,19.77,2025-02-09 15:59:00
325,24,Metro,Stop_26,Stop_16,91,7.42,2025-02-24 17:38:00
326,24,Bus,Stop_22,Stop_4,76,35.12,2025-02-09 19:05:00
327,4,Metro,Stop_4,Stop_45,84,15.41,2025-02-01 08:54:00
328,67,Metro,Stop_31,Stop_26,20,15.96,2025-02-19 06:12:00
329,34,Metro,Stop_18,Stop_28,73,18.77,2025-02-26 02:12:00
330,57,Metro,Stop_38,Stop_32,39,7.87,2025-02-26 01:50:00
331,49,Metro,Stop_24,Stop_45,4,12.97,2025-02-16 14:29:00
332,87,Bus,Stop_23,Stop_2,19,5.23,2025-03-05 02:33:00
333,53,Metro,Stop_22,Stop_31,91,25.04,2025-02-26 21:08:00
334,23,Bus,Stop_2,Stop_3,45,8.79,2025-02-01 19:32:00
335,69,Metro,Stop_31,Stop_8,43,35.72,2025-02-20 09:14:00
336,95,Tram,Stop_11,Stop_24,13,15.6,2025-02-15 12:21:00
337,53,Metro,Stop_28,Stop_15,13,47.46,2025-03-01 07:35:00
338,62,Tram,Stop_46,Stop_43,60,44.21,2025-02-24 21:29:00
339,41,Metro,Stop_32,Stop_31,57,18.02,2025-03-07 11:03:00
340,57,Metro,Stop_5,Stop_9,86,40.24,2025-02-14 10:04:00
341,60,Metro,Stop_38,Stop_39,92,41.15,2025-02-07 01:38:00
342,54,Tram,Stop_10,Stop_45,52,49.4,2025-02-27 00:54:00
343,70,Tram,Stop_40,Stop_2,53,31.9,2025-03-03 22:37:00
344,57,Metro,Stop_46,Stop_8,86,8.69,2025-02-17 16:54:00
345,10,Bus,Stop_24,Stop_7,43,34.11,2025-02-21 15:09:00
346,40,Metro,Stop_35,Stop_44,83,33.12,2025-03-03 09:45:00
347,7,Tram,Stop_44,Stop_39,72,33.73,2025-02-14 23:07:00
348,38,Metro,Stop_48,Stop_42,72,18.82,2025-02-01 06:03:00
349,85,Tram,Stop_23,Stop_16,42,43.69,2025-02-08 04:38:00
350,61,Tram,Stop_17,Stop_35,90,48.18,2025-02-26 01:17:00
351,84,Tram,Stop_1,Stop_30,26,14.8,2025-03-07 12:17:00
352,3,Metro,Stop_31,Stop_10,23,8.97,2025-02-03 06:00:00
353,51,Tram,Stop_31,Stop_38,43,13.75,2025-02-05 15:05:00
354,86,Tram,Stop_42,Stop_18,77,41.92,2025-03-04 17:29:00
355,47,Metro,Stop_42,Stop_50,28,35.45,2025-02-02 08:16:00
356,68,Tram,Stop_34,Stop_5,9,33.62,2025-03-05 10:56:00
357,92,Metro,Stop_9,Stop_29,20,23.08,2025-02-18 17:38:00
358,76,Tram,Stop_22,Stop_39,56,31.0,2025-03-03 12:45:00
359,38,Bus,Stop_13,Stop_34,83,18.85,2025-02-09 07:58:00
360,36,Bus,Stop_25,Stop_43,39,26.47,2025-02-01 14:42:00
361,41,Tram,Stop_48,Stop_45,51,40.69,2025-02-15 01:04:00
362,69,Bus,Stop_18,Stop_23,12,49.16,2025-02-28 13:31:00
363,13,Metro,Stop_12,Stop_5,79,46.96,2025-03-05 06:36:00
364,87,Bus,Stop_40,Stop_30,95,47.02,2025-02-22 09:45:00
365,58,Tram,Stop_17,Stop_6,55,23.1,2025-02-04 14:44:00
366,50,Tram,Stop_15,Stop_46,78,26.1,2025-02-21 01:25:00
367,30,Metro,Stop_42,Stop_44,11,36.75,2025-02-28 19:36:00
368,62,Tram,Stop_15,Stop_4,26,46.5,2025-02-03 05:23:00
369,25,Metro,Stop_15,Stop_29,42,11.39,2025-02-02 13:24:00
370,27,Bus,Stop_39,Stop_23,27,18.69,2025-02-23 18:26:00
371,51,Bus,Stop_13,Stop_6,11,11.27,2025-03-07 13:53:00
372,78,Metro,Stop_17,Stop_32,38,32.54,2025-02-03 03:23:00
373,57,Metro,Stop_32,Stop_42,98,18.78,2025-02-15 23:44:00
374,47,Tram,Stop_9,Stop_18,43,19.67,2025-02-06 22:01:00
375,39,Bus,Stop_40,Stop_15,19,8.19,2025-02-24 07:01:00
376,16,Metro,Stop_20,Stop_40,64,20.74,2025-02-21 04:23:00
377,22,Bus,Stop_26,Stop_32,6,43.81,2025-02-04 06:52:00
378,85,Metro,Stop_27,Stop_9,46,15.49,2025-02-20 02:38:00
379,54,Bus,Stop_21,Stop_37,42,36.28,2025-02-28 11:23:00
380,21,Tram,Stop_18,Stop_10,92,33.33,2025-02-28 14:32:00
381,72,Bus,Stop_13,Stop_20,65,43.86,2025-02-21 14:57:00
382,16,Bus,Stop_16,Stop_6,99,10.95,2025-02-02 18:47:00
383,59,Bus,Stop_9,Stop_48,72,48.99,2025-02-12 04:41:00
384,31,Bus,Stop_12,Stop_3,59,31.22,2025-02-02 03:54:00
385,42,Bus,Stop_44,Stop_42,52,49.8,2025-02-08 13:15:00
386,74,Tram,Stop_38,Stop_11,47,46.02,2025-03-03 19:00:00
387,32,Metro,Stop_19,Stop_43,7,14.97,2025-02-01 12:19:00
388,59,Bus,Stop_7,Stop_17,11,7.53,2025-02-02 01:45:00
389,34,Tram,Stop_35,Stop_32,61,16.5,2025-02-21 05:40:00
390,9,Bus,Stop_48,Stop_4,68,28.74,2025-02-07 11:27:00
391,81,Bus,Stop_18,Stop_4,25,12.72,2025-02-04 13:27:00
392,11,Metro,Stop_16,Stop_17,12,12.54,2025-02-17 04:51:00
393,96,Bus,Stop_39,Stop_41,26,25.82,2025-02-16 23:24:00
394,10,Tram,Stop_4,Stop_19,12,6.5,2025-03-02 01:13:00
395,86,Tram,Stop_25,Stop_5,43,10.48,2025-02-08 06:52:00
396,17,Metro,Stop_32,Stop_32,51,23.71,2025-02-10 13:09:00
397,68,Bus,Stop_40,Stop_22,37,7.84,2025-02-17 07:48:00
398,48,Tram,Stop_13,Stop_6,46,22.85,2025-02-07 06:45:00
399,52,Bus,Stop_45,Stop_35,53,26.33,2025-02-14 23:16:00
400,25,Bus,Stop_17,Stop_22,88,25.31,2025-02-13 23:07:00
401,21,Bus,Stop_49,Stop_1,80,44.11,2025-02-07 14:41:00
402,65,Metro,Stop_37,Stop_20,13,28.85,2025-02-07 00:29:00
403,63,Bus,Stop_6,Stop_22,89,26.06,2025-02-19 23:02:00
404,89,Tram,Stop_19,Stop_48,54,23.48,2025-02-08 20:03:00
405,51,Bus,Stop_13,Stop_11,57,41.79,2025-02-22 11:35:00
406,36,Tram,Stop_26,Stop_13,4,45.28,2025-02-05 20:38:00
407,81,Bus,Stop_14,Stop_42,75,43.4,2025-02-21 00:06:00
408,88,Tram,Stop_31,Stop_3,96,35.31,2025-02-22 23:04:00
409,66,Tram,Stop_4,Stop_9,49,11.18,2025-02-10 08:00:00
410,15,Bus,Stop_39,Stop_12,7,17.46,2025-03-04 13:45:00
411,96,Bus,Stop_8,Stop_23,11,7.07,2025-03-05 07:01:00
412,39,Tram,Stop_25,Stop_14,92,46.89,2025-02-16 03:17:00
413,70,Metro,Stop_13,Stop_33,54,34.74,2025-02-01 21:09:00
414,1,Bus,Stop_32,Stop_18,87,38.59,2025-02-06 11:08:00
415,23,Metro,Stop_38,Stop_49,45,19.02,2025-02-22 00:11:00
416,39,Bus,Stop_38,Stop_41,23,43.05,2025-02-09 14:13:00
417,57,Bus,Stop_28,Stop_9,28,16.68,2025-02-14 04:27:00
418,81,Bus,Stop_30,Stop_23,57,5.07,2025-02-27 21:29:00
419,34,Bus,Stop_3,Stop_10,26,21.94,2025-02-11 22:14:00
420,41,Metro,Stop_28,Stop_19,25,30.68,2025-03-02 11:09:00
421,93,Bus,Stop_3,Stop_47,54,26.54,2025-03-01 16:57:00
422,73,Tram,Stop_45,Stop_5,29,43.79,2025-03-01 00:05:00
423,13,Tram,Stop_34,Stop_47,83,9.74,2025-02-13 13:04:00
424,70,Metro,Stop_16,Stop_23,97,29.92,2025-02-06 20:33:00
425,6,Bus,Stop_22,Stop_30,36,28.08,2025-03-06 15:01:00
426,84,Tram,Stop_32,Stop_25,14,17.66,2025-02-07 07:51:00
427,52,Metro,Stop_38,Stop_28,78,42.0,2025-02-27 16:50:00
428,3,Bus,Stop_8,Stop_34,35,38.88,2025-03-06 12:07:00
429,81,Tram,Stop_8,Stop_45,30,37.98,2025-02-11 10:47:00
430,63,Tram,Stop_6,Stop_48,92,44.43,2025-02-06 14:44:00
431,49,Metro,Stop_14,Stop_47,17,37.53,2025-02-16 02:31:00
432,76,Bus,Stop_32,Stop_25,67,15.43,2025-02-12 10:13:00
433,47,Bus,Stop_35,Stop_10,80,36.75,2025-02-15 02:28:00
434,55,Tram,Stop_10,Stop_14,30,18.85,2025-02-28 01:28:00
435,64,Tram,Stop_3,Stop_42,93,15.9,2025-02-21 21:17:00
436,65,Tram,Stop_12,Stop_46,45,8.29,2025-03-02 21:26:00
437,81,Bus,Stop_49,Stop_30,79,38.48,2025-02-25 03:35:00
438,67,Metro,Stop_31,Stop_41,89,37.0,2025-03-06 17:30:00
439,90,Metro,Stop_29,Stop_25,51,15.55,2025-03-05 00:17:00
440,15,Bus,Stop_5,Stop_14,47,38.72,2025-02-18 00:23:00
441,32,Metro,Stop_25,Stop_35,53,46.3,2025-02-02 22:19:00
442,96,Tram,Stop_41,Stop_48,64,9.86,2025-02-15 19:04:00
443,68,Metro,Stop_31,Stop_34,38,15.47,2025-02-01 12:35:00
444,18,Metro,Stop_21,Stop_10,64,38.76,2025-02-28 06:23:00
445,83,Metro,Stop_20,Stop_35,87,17.35,2025-03-02 19:55:00
446,43,Tram,Stop_39,Stop_11,89,33.11,2025-03-02 08:41:00
447,35,Bus,Stop_22,Stop_11,7,8.65,2025-02-13 02:00:00
448,78,Tram,Stop_4,Stop_21,22,25.35,2025-02-28 20:35:00
449,58,Bus,Stop_13,Stop_21,81,38.26,2025-02-10 21:29:00
450,33,Bus,Stop_45,Stop_22,82,35.89,2025-03-06 02:07:00
451,14,Bus,Stop_42,Stop_45,41,41.68,2025-03-05 12:25:00
452,34,Metro,Stop_50,Stop_7,74,44.49,2025-03-04 03:05:00
453,61,Metro,Stop_49,Stop_17,10,39.79,2025-02-18 02:00:00
454,4,Bus,Stop_20,Stop_2,57,35.22,2025-02-27 04:26:00
455,88,Bus,Stop_13,Stop_12,7,6.43,2025-02-14 08:22:00
456,59,Metro,Stop_17,Stop_42,50,29.07,2025-02-24 06:25:00
457,29,Tram,Stop_36,Stop_18,91,6.7,2025-02-28 01:28:00
458,83,Bus,Stop_33,Stop_11,52,41.36,2025-03-01 13:39:00
459,6,Tram,Stop_1,Stop_16,33,19.43,2025-03-07 07:03:00
460,97,Metro,Stop_15,Stop_49,1,30.31,2025-03-01 16:22:00
461,49,Bus,Stop_13,Stop_18,53,17.58,2025-02-21 05:48:00
462,40,Tram,Stop_17,Stop_35,60,40.21,2025-02-16 11:42:00
463,83,Tram,Stop_24,Stop_26,34,44.89,2025-02-02 19:43:00
464,65,Tram,Stop_8,Stop_16,4,22.94,2025-02-07 00:06:00
465,69,Metro,Stop_50,Stop_6,17,43.83,2025-02-10 09:43:00
466,27,Metro,Stop_27,Stop_44,4,17.02,2025-02-21 02:40:00
467,80,Tram,Stop_45,Stop_43,43,29.06,2025-02-16 19:45:00
468,6,Tram,Stop_23,Stop_47,90,43.64,2025-02-09 21:37:00
469,13,Metro,Stop_46,Stop_47,4,19.66,2025-02-22 19:26:00
470,64,Tram,Stop_8,Stop_48,1,47.93,2025-02-17 06:56:00
471,62,Tram,Stop_8,Stop_42,71,10.48,2025-02-17 12:17:00
472,99,Metro,Stop_26,Stop_12,94,5.82,2025-02-15 12:34:00
473,19,Tram,Stop_47,Stop_13,50,45.69,2025-02-21 12:33:00
474,76,Tram,Stop_13,Stop_4,73,8.09,2025-02-17 08:28:00
475,80,Tram,Stop_39,Stop_39,61,49.64,2025-02-26 21:05:00
476,43,Metro,Stop_37,Stop_2,35,47.81,2025-03-01 06:21:00
477,74,Tram,Stop_49,Stop_26,8,11.17,2025-02-05 16:07:00
478,89,Metro,Stop_28,Stop_27,24,29.19,2025-03-04 04:44:00
479,20,Metro,Stop_25,Stop_27,83,13.32,2025-02-23 12:27:00
480,95,Bus,Stop_16,Stop_15,36,24.27,2025-02-12 14:12:00
481,68,Bus,Stop_2,Stop_8,50,7.76,2025-02-22 23:05:00
482,44,Tram,Stop_18,Stop_7,43,15.08,2025-02-18 07:18:00
483,23,Metro,Stop_17,Stop_47,27,21.35,2025-03-01 17:55:00
484,2,Bus,Stop_30,Stop_46,32,24.74,2025-03-01 13:36:00
485,22,Tram,Stop_39,Stop_40,78,48.99,2025-03-07 05:30:00
486,57,Bus,Stop_13,Stop_12,18,41.35,2025-03-07 06:25:00
487,72,Bus,Stop_32,Stop_13,28,38.18,2025-02-11 19:37:00
488,7,Metro,Stop_50,Stop_43,29,29.17,2025-02-14 14:59:00
489,78,Metro,Stop_29,Stop_17,16,42.8,2025-03-05 02:40:00
490,56,Bus,Stop_46,Stop_17,99,20.27,2025-02-24 09:50:00
491,67,Bus,Stop_30,Stop_36,47,36.9,2025-02-26 23:08:00
492,16,Metro,Stop_18,Stop_21,59,49.72,2025-02-12 05:55:00
493,83,Tram,Stop_13,Stop_8,31,19.16,2025-02-20 05:29:00
494,51,Metro,Stop_43,Stop_5,4,35.33,2025-02-08 17:54:00
495,82,Bus,Stop_21,Stop_26,37,42.99,2025-02-28 04:01:00
496,80,Tram,Stop_30,Stop_16,17,46.21,2025-02-21 10:12:00
497,72,Bus,Stop_21,Stop_36,39,37.31,2025-02-15 19:41:00
498,97,Tram,Stop_48,Stop_28,48,17.76,2025-02-23 05:38:00
499,12,Bus,Stop_17,Stop_29,46,19.68,2025-02-07 08:25:00
500,53,Tram,Stop_40,Stop_47,90,5.93,2025-03-02 08:22:00
