road_segment_id,name,region,lane_count,avg_kg_capacity
1,Road_1,Residential,4,4031
2,Road_2,Highway,1,4951
3,Road_3,Industrial,5,3435
4,Road_4,Highway,3,4376
5,Road_5,Highway,3,626
6,Road_6,Suburbs,1,3677
7,Road_7,Industrial,4,3556
8,Road_8,Industrial,4,1103
9,Road_9,Industrial,5,3949
10,Road_10,Highway,1,4646
11,Road_11,Residential,3,4033
12,Road_12,Industrial,4,3867
13,Road_13,Highway,1,3868
14,Road_14,Suburbs,4,4297
15,Road_15,Residential,4,2292
16,Road_16,Suburbs,3,3361
17,Road_17,Residential,2,3976
18,Road_18,Highway,5,3917
19,Road_19,Downtown,5,2145
20,Road_20,Residential,3,1705
21,Road_21,Suburbs,4,3530
22,Road_22,Highway,1,3372
23,Road_23,Residential,4,3572
24,Road_24,Downtown,3,2354
25,Road_25,Downtown,5,4521
26,Road_26,Industrial,4,3208
27,Road_27,Industrial,5,4002
28,Road_28,Suburbs,1,1832
29,Road_29,Residential,5,701
30,Road_30,Residential,5,4007
31,Road_31,Industrial,2,4712
32,Road_32,Residential,2,1074
33,Road_33,Residential,2,1036
34,Road_34,Downtown,5,2125
35,Road_35,Industrial,3,2622
36,Road_36,Highway,5,885
37,Road_37,Industrial,3,3781
38,Road_38,Highway,3,974
39,Road_39,Downtown,2,917
40,Road_40,Suburbs,4,4100
41,Road_41,Residential,1,1454
42,Road_42,Downtown,2,1705
43,Road_43,Residential,2,4620
44,Road_44,Suburbs,4,2490
45,Road_45,Suburbs,1,4072
46,Road_46,Downtown,5,4880
47,Road_47,Suburbs,5,4658
48,Road_48,Highway,2,3213
49,Road_49,Suburbs,1,2703
50,Road_50,Residential,2,3620
51,Road_51,Residential,3,1466
52,Road_52,Residential,2,3932
53,Road_53,Residential,2,1188
54,Road_54,Highway,5,4743
55,Road_55,Industrial,5,4201
56,Road_56,Downtown,5,841
57,Road_57,Residential,3,2224
58,Road_58,Suburbs,5,4922
59,Road_59,Residential,1,2292
60,Road_60,Suburbs,4,2259
61,Road_61,Suburbs,1,3712
62,Road_62,Residential,1,1489
63,Road_63,Highway,5,2762
64,Road_64,Suburbs,4,2982
65,Road_65,Suburbs,4,1451
66,Road_66,Residential,4,1222
67,Road_67,Suburbs,3,3889
68,Road_68,Suburbs,5,2579
69,Road_69,Residential,4,3217
70,Road_70,Residential,3,2832
71,Road_71,Downtown,2,3876
72,Road_72,Highway,2,2000
73,Road_73,Highway,3,785
74,Road_74,Suburbs,3,3995
75,Road_75,Highway,5,2565
76,Road_76,Suburbs,5,1268
77,Road_77,Downtown,2,3557
78,Road_78,Residential,4,4789
79,Road_79,Residential,2,2661
80,Road_80,Residential,4,3793
81,Road_81,Highway,4,1446
82,Road_82,Downtown,5,3835
83,Road_83,Highway,1,4650
84,Road_84,Highway,1,1981
85,Road_85,Downtown,3,2401
86,Road_86,Downtown,5,3951
87,Road_87,Downtown,4,4564
88,Road_88,Downtown,1,554
89,Road_89,Residential,4,2323
90,Road_90,Industrial,1,3962
91,Road_91,Industrial,1,3579
92,Road_92,Downtown,1,1332
93,Road_93,Industrial,5,4908
94,Road_94,Industrial,2,3306
95,Road_95,Downtown,4,2990
96,Road_96,Industrial,5,827
97,Road_97,Highway,5,3810
98,Road_98,Suburbs,5,3800
99,Road_99,Suburbs,5,4175
100,Road_100,Downtown,5,3554
101,Road_101,Residential,3,2643
102,Road_102,Downtown,4,1811
103,Road_103,Residential,5,3691
104,Road_104,Suburbs,4,3038
105,Road_105,Downtown,3,4483
106,Road_106,Highway,3,664
107,Road_107,Industrial,4,4777
108,Road_108,Residential,1,1322
109,Road_109,Industrial,2,1443
110,Road_110,Industrial,1,4925
111,Road_111,Downtown,1,1274
112,Road_112,Industrial,1,2698
113,Road_113,Highway,5,3656
114,Road_114,Industrial,3,4742
115,Road_115,Downtown,1,4195
116,Road_116,Highway,3,3952
117,Road_117,Suburbs,4,1414
118,Road_118,Industrial,2,1808
119,Road_119,Downtown,4,4677
120,Road_120,Suburbs,4,1013
121,Road_121,Suburbs,5,2420
122,Road_122,Residential,2,4094
123,Road_123,Highway,4,1909
124,Road_124,Industrial,4,3690
125,Road_125,Downtown,2,4991
126,Road_126,Residential,2,2055
127,Road_127,Highway,4,1304
128,Road_128,Residential,2,1779
129,Road_129,Highway,4,4077
130,Road_130,Highway,4,3401
131,Road_131,Industrial,5,1887
132,Road_132,Highway,1,3261
133,Road_133,Residential,4,3179
134,Road_134,Highway,3,2606
135,Road_135,Industrial,1,4723
136,Road_136,Industrial,1,3268
137,Road_137,Residential,1,4453
138,Road_138,Suburbs,5,3686
139,Road_139,Suburbs,4,3780
140,Road_140,Highway,5,3073
141,Road_141,Downtown,4,3099
142,Road_142,Highway,5,4533
143,Road_143,Residential,5,736
144,Road_144,Residential,3,1804
145,Road_145,Residential,5,3930
146,Road_146,Residential,2,1801
147,Road_147,Residential,3,3041
148,Road_148,Industrial,5,2551
149,Road_149,Suburbs,1,941
150,Road_150,Residential,2,2576
151,Road_151,Downtown,2,3680
152,Road_152,Downtown,2,3157
153,Road_153,Downtown,3,4298
154,Road_154,Downtown,5,1304
155,Road_155,Industrial,5,574
156,Road_156,Downtown,1,2675
157,Road_157,Residential,1,4424
158,Road_158,Highway,2,2589
159,Road_159,Downtown,1,540
160,Road_160,Industrial,3,2581
161,Road_161,Industrial,5,2122
162,Road_162,Downtown,2,841
163,Road_163,Highway,1,4552
164,Road_164,Downtown,3,2574
165,Road_165,Industrial,3,1145
166,Road_166,Suburbs,1,4763
167,Road_167,Residential,5,1109
168,Road_168,Industrial,1,954
169,Road_169,Downtown,2,3453
170,Road_170,Residential,1,2208
171,Road_171,Downtown,3,3972
172,Road_172,Downtown,1,3469
173,Road_173,Suburbs,5,3528
174,Road_174,Residential,4,3181
175,Road_175,Residential,1,4129
176,Road_176,Suburbs,5,4725
177,Road_177,Industrial,5,3567
178,Road_178,Downtown,3,1886
179,Road_179,Highway,5,4276
180,Road_180,Downtown,5,3366
181,Road_181,Downtown,5,3863
182,Road_182,Industrial,5,4624
183,Road_183,Downtown,2,648
184,Road_184,Suburbs,2,4350
185,Road_185,Suburbs,3,2558
186,Road_186,Residential,1,1636
187,Road_187,Highway,5,686
188,Road_188,Downtown,1,3354
189,Road_189,Downtown,1,1750
190,Road_190,Industrial,3,1833
191,Road_191,Suburbs,5,4693
192,Road_192,Highway,5,4650
193,Road_193,Residential,4,3211
194,Road_194,Suburbs,1,2285
195,Road_195,Residential,1,1250
196,Road_196,Industrial,2,2262
197,Road_197,Industrial,4,4420
198,Road_198,Downtown,2,4960
199,Road_199,Highway,2,981
200,Road_200,Residential,2,653
201,Road_201,Suburbs,3,2024
202,Road_202,Industrial,3,2620
203,Road_203,Downtown,2,2843
204,Road_204,Downtown,4,1740
205,Road_205,Residential,1,560
206,Road_206,Industrial,4,1438
207,Road_207,Highway,5,2139
208,Road_208,Industrial,3,4620
209,Road_209,Residential,1,4726
210,Road_210,Residential,1,4069
211,Road_211,Industrial,5,1752
212,Road_212,Residential,5,4703
213,Road_213,Industrial,2,671
214,Road_214,Suburbs,3,1958
215,Road_215,Industrial,3,4049
216,Road_216,Industrial,4,4697
217,Road_217,Residential,2,2822
218,Road_218,Residential,2,2136
219,Road_219,Downtown,2,3615
220,Road_220,Downtown,2,4590
221,Road_221,Suburbs,3,3504
222,Road_222,Downtown,3,829
223,Road_223,Industrial,2,4140
224,Road_224,Residential,4,4394
225,Road_225,Downtown,1,4607
226,Road_226,Downtown,1,1841
227,Road_227,Suburbs,4,4163
228,Road_228,Suburbs,2,715
229,Road_229,Industrial,3,838
230,Road_230,Residential,1,4562
231,Road_231,Suburbs,5,3208
232,Road_232,Downtown,5,3652
233,Road_233,Residential,4,2250
234,Road_234,Residential,2,2921
235,Road_235,Downtown,1,1209
236,Road_236,Suburbs,2,4226
237,Road_237,Downtown,1,4142
238,Road_238,Residential,4,4493
239,Road_239,Highway,4,988
240,Road_240,Highway,5,546
241,Road_241,Industrial,2,3859
242,Road_242,Downtown,5,900
243,Road_243,Downtown,2,4490
244,Road_244,Industrial,5,3657
245,Road_245,Industrial,3,4845
246,Road_246,Industrial,3,890
247,Road_247,Residential,3,4353
248,Road_248,Downtown,3,4930
249,Road_249,Residential,1,1128
250,Road_250,Industrial,3,4732
251,Road_251,Downtown,4,3430
252,Road_252,Residential,4,2021
253,Road_253,Residential,1,1326
254,Road_254,Industrial,3,2000
255,Road_255,Downtown,3,3794
256,Road_256,Industrial,3,2919
257,Road_257,Downtown,5,1434
258,Road_258,Highway,2,3542
259,Road_259,Suburbs,5,4997
260,Road_260,Suburbs,2,1966
261,Road_261,Suburbs,3,4061
262,Road_262,Industrial,3,1114
263,Road_263,Highway,5,1682
264,Road_264,Downtown,5,3723
265,Road_265,Residential,2,3167
266,Road_266,Downtown,4,630
267,Road_267,Residential,2,3483
268,Road_268,Downtown,5,4778
269,Road_269,Highway,5,4959
270,Road_270,Residential,1,538
271,Road_271,Industrial,5,4459
272,Road_272,Downtown,1,4087
273,Road_273,Downtown,4,1420
274,Road_274,Residential,2,3269
275,Road_275,Industrial,2,4611
276,Road_276,Industrial,1,992
277,Road_277,Highway,2,1631
278,Road_278,Industrial,5,4021
279,Road_279,Industrial,3,810
280,Road_280,Industrial,1,1238
281,Road_281,Suburbs,2,3741
282,Road_282,Highway,1,1045
283,Road_283,Downtown,1,2961
284,Road_284,Residential,3,4846
285,Road_285,Downtown,5,2304
286,Road_286,Highway,1,3712
287,Road_287,Residential,2,4310
288,Road_288,Highway,4,1313
289,Road_289,Industrial,1,4624
290,Road_290,Residential,1,2532
291,Road_291,Industrial,3,4913
292,Road_292,Downtown,5,744
293,Road_293,Downtown,4,771
294,Road_294,Residential,2,4011
295,Road_295,Residential,4,2271
296,Road_296,Highway,2,1762
297,Road_297,Highway,5,2924
298,Road_298,Industrial,2,4861
299,Road_299,Residential,3,1420
300,Road_300,Downtown,3,3930
301,Road_301,Highway,3,4935
302,Road_302,Highway,3,4984
303,Road_303,Downtown,4,3124
304,Road_304,Highway,5,4260
305,Road_305,Industrial,2,2550
306,Road_306,Residential,2,4000
307,Road_307,Downtown,3,1665
308,Road_308,Residential,3,875
309,Road_309,Highway,1,2533
310,Road_310,Highway,5,645
311,Road_311,Downtown,4,4888
312,Road_312,Industrial,2,931
313,Road_313,Suburbs,1,1204
314,Road_314,Downtown,1,3132
315,Road_315,Suburbs,2,4994
316,Road_316,Suburbs,4,1463
317,Road_317,Industrial,1,2734
318,Road_318,Suburbs,1,2541
319,Road_319,Suburbs,5,2328
320,Road_320,Industrial,4,2608
321,Road_321,Suburbs,1,4568
322,Road_322,Suburbs,4,1438
323,Road_323,Suburbs,2,1306
324,Road_324,Downtown,3,1963
325,Road_325,Downtown,1,3915
326,Road_326,Downtown,5,510
327,Road_327,Industrial,2,2368
328,Road_328,Highway,4,1384
329,Road_329,Suburbs,2,4064
330,Road_330,Suburbs,1,1889
331,Road_331,Industrial,4,3901
332,Road_332,Suburbs,3,4821
333,Road_333,Downtown,2,1324
334,Road_334,Highway,1,2765
335,Road_335,Residential,5,1436
336,Road_336,Suburbs,4,3300
337,Road_337,Downtown,2,3053
338,Road_338,Residential,2,4345
339,Road_339,Highway,3,2296
340,Road_340,Residential,3,553
341,Road_341,Downtown,5,1226
342,Road_342,Residential,5,3236
343,Road_343,Industrial,1,3670
344,Road_344,Residential,1,2413
345,Road_345,Suburbs,5,2096
346,Road_346,Suburbs,5,2414
347,Road_347,Industrial,4,2966
348,Road_348,Downtown,3,3237
349,Road_349,Suburbs,1,1349
350,Road_350,Highway,3,2609
351,Road_351,Suburbs,3,502
352,Road_352,Suburbs,5,4755
353,Road_353,Downtown,4,4569
354,Road_354,Residential,2,1392
355,Road_355,Suburbs,4,2530
356,Road_356,Industrial,4,3660
357,Road_357,Residential,3,2876
358,Road_358,Highway,4,2433
359,Road_359,Downtown,1,1880
360,Road_360,Highway,3,4181
361,Road_361,Residential,1,1790
362,Road_362,Residential,2,2140
363,Road_363,Residential,3,3182
364,Road_364,Highway,2,1487
365,Road_365,Residential,3,1718
366,Road_366,Highway,5,1855
367,Road_367,Residential,4,4765
368,Road_368,Industrial,5,4635
369,Road_369,Residential,2,2060
370,Road_370,Highway,4,1918
371,Road_371,Suburbs,3,1454
372,Road_372,Residential,4,1483
373,Road_373,Suburbs,1,1474
374,Road_374,Industrial,4,4633
375,Road_375,Downtown,1,4472
376,Road_376,Industrial,4,1413
377,Road_377,Residential,1,536
378,Road_378,Suburbs,2,3887
379,Road_379,Suburbs,5,2211
380,Road_380,Highway,3,3520
381,Road_381,Suburbs,4,1295
382,Road_382,Highway,5,4536
383,Road_383,Downtown,3,3611
384,Road_384,Residential,3,1824
385,Road_385,Highway,1,817
386,Road_386,Downtown,2,2896
387,Road_387,Suburbs,2,2662
388,Road_388,Suburbs,5,3245
389,Road_389,Downtown,2,2091
390,Road_390,Suburbs,4,3611
391,Road_391,Downtown,2,4430
392,Road_392,Highway,5,2496
393,Road_393,Highway,2,1812
394,Road_394,Downtown,4,1785
395,Road_395,Highway,1,4811
396,Road_396,Highway,5,2883
397,Road_397,Highway,1,3739
398,Road_398,Industrial,1,2639
399,Road_399,Residential,1,2204
400,Road_400,Suburbs,3,862
401,Road_401,Industrial,3,3104
402,Road_402,Highway,1,2216
403,Road_403,Downtown,5,4951
404,Road_404,Highway,4,4786
405,Road_405,Residential,4,4238
406,Road_406,Highway,2,2969
407,Road_407,Downtown,5,1056
408,Road_408,Residential,3,1325
409,Road_409,Highway,1,3308
410,Road_410,Residential,2,3219
411,Road_411,Suburbs,4,4008
412,Road_412,Suburbs,3,4241
413,Road_413,Highway,3,2074
414,Road_414,Residential,1,4498
415,Road_415,Downtown,4,2629
416,Road_416,Highway,5,2903
417,Road_417,Suburbs,3,3829
418,Road_418,Suburbs,1,1088
419,Road_419,Highway,5,2512
420,Road_420,Residential,4,2047
421,Road_421,Suburbs,3,794
422,Road_422,Residential,5,2485
423,Road_423,Suburbs,5,3617
424,Road_424,Suburbs,5,2190
425,Road_425,Industrial,3,1636
426,Road_426,Suburbs,3,2564
427,Road_427,Downtown,2,4955
428,Road_428,Highway,4,1507
429,Road_429,Highway,1,3014
430,Road_430,Residential,5,4026
431,Road_431,Suburbs,2,1747
432,Road_432,Downtown,1,4402
433,Road_433,Residential,2,1935
434,Road_434,Industrial,3,1071
435,Road_435,Residential,5,2882
436,Road_436,Residential,1,1745
437,Road_437,Suburbs,1,2584
438,Road_438,Industrial,1,777
439,Road_439,Residential,1,2387
440,Road_440,Downtown,1,1765
441,Road_441,Downtown,2,1540
442,Road_442,Highway,5,1417
443,Road_443,Industrial,3,1385
444,Road_444,Industrial,3,3252
445,Road_445,Highway,3,521
446,Road_446,Residential,3,3691
447,Road_447,Industrial,2,2853
448,Road_448,Downtown,4,1186
449,Road_449,Downtown,5,784
450,Road_450,Suburbs,1,4247
451,Road_451,Industrial,4,1262
452,Road_452,Residential,3,2928
453,Road_453,Highway,4,3007
454,Road_454,Highway,5,528
455,Road_455,Residential,1,1406
456,Road_456,Suburbs,1,3604
457,Road_457,Highway,5,4499
458,Road_458,Industrial,5,3494
459,Road_459,Suburbs,3,3006
460,Road_460,Industrial,1,4109
461,Road_461,Downtown,4,4053
462,Road_462,Suburbs,2,1953
463,Road_463,Highway,2,3856
464,Road_464,Suburbs,5,1015
465,Road_465,Suburbs,3,538
466,Road_466,Suburbs,2,3842
467,Road_467,Suburbs,1,1386
468,Road_468,Industrial,5,3344
469,Road_469,Downtown,4,2704
470,Road_470,Residential,5,1598
471,Road_471,Suburbs,4,2323
472,Road_472,Highway,5,3701
473,Road_473,Suburbs,5,3655
474,Road_474,Highway,5,3593
475,Road_475,Industrial,4,4030
476,Road_476,Highway,4,4278
477,Road_477,Residential,5,3396
478,Road_478,Downtown,2,3953
479,Road_479,Highway,3,4011
480,Road_480,Highway,3,1488
481,Road_481,Downtown,3,4616
482,Road_482,Residential,4,4526
483,Road_483,Suburbs,4,4679
484,Road_484,Highway,2,2182
485,Road_485,Downtown,3,4463
486,Road_486,Industrial,3,1433
487,Road_487,Downtown,5,4098
488,Road_488,Industrial,4,3733
489,Road_489,Residential,3,2480
490,Road_490,Suburbs,2,2355
491,Road_491,Downtown,2,3556
492,Road_492,Highway,3,1292
493,Road_493,Residential,4,1291
494,Road_494,Downtown,2,2309
495,Road_495,Highway,5,2755
496,Road_496,Downtown,2,4110
497,Road_497,Industrial,1,2107
498,Road_498,Downtown,1,1484
499,Road_499,Downtown,4,4176
500,Road_500,Downtown,3,3880
